{
  "Version": "0.1.0",
  "ABMD5List": [
    {
      "AssetName": "data",
      "MD5": "35dab7961aab6153b89e1fa5eba34977",
      "FileSize": 15.8125,
      "assetDatas": [
        {
          "Name": "BindingData",
          "OwnerBundleName": "data",
          "AssetType": "Runtime.Controls.BindingKeyData"
        }
      ]
    },
    {
      "AssetName": "decals",
      "MD5": "7aa8d2486989b5ef4a172eb932532c5f",
      "FileSize": 44.5390625,
      "assetDatas": [
        {
          "Name": "BulletHoleDecal",
          "OwnerBundleName": "decals",
          "AssetType": "UnityEngine.GameObject"
        }
      ]
    },
    {
      "AssetName": "description",
      "MD5": "923efb4561e61c8381dbf3e8de83a62a",
      "FileSize": 15.625,
      "assetDatas": [
        {
          "Name": "GeneralHintIcon",
          "OwnerBundleName": "description",
          "AssetType": "UnityEngine.GameObject"
        },
        {
          "Name": "GeneralHintIconNoSprite",
          "OwnerBundleName": "description",
          "AssetType": "UnityEngine.GameObject"
        },
        {
          "Name": "LeftClick",
          "OwnerBundleName": "description",
          "AssetType": "UnityEngine.GameObject"
        },
        {
          "Name": "RightClick",
          "OwnerBundleName": "description",
          "AssetType": "UnityEngine.GameObject"
        }
      ]
    },
    {
      "AssetName": "info",
      "MD5": "d9bef267e095986130f42ef31f6260d9",
      "FileSize": 1145.05078,
      "assetDatas": [
        {
          "Name": "Boss Health bar base color",
          "OwnerBundleName": "info",
          "AssetType": "UnityEngine.Texture2D"
        },
        {
          "Name": "Boss Health bar color (slanted sides)",
          "OwnerBundleName": "info",
          "AssetType": "UnityEngine.Texture2D"
        },
        {
          "Name": "Boss Health bar color grayscale (slanted sides)",
          "OwnerBundleName": "info",
          "AssetType": "UnityEngine.Texture2D"
        },
        {
          "Name": "Boss Health bar color grayscale",
          "OwnerBundleName": "info",
          "AssetType": "UnityEngine.Texture2D"
        },
        {
          "Name": "Boss Health bar color",
          "OwnerBundleName": "info",
          "AssetType": "UnityEngine.Texture2D"
        },
        {
          "Name": "Boss Health bar left decoration",
          "OwnerBundleName": "info",
          "AssetType": "UnityEngine.Texture2D"
        },
        {
          "Name": "Boss Health bar middle decoration",
          "OwnerBundleName": "info",
          "AssetType": "UnityEngine.Texture2D"
        },
        {
          "Name": "Boss Health bar right decoration",
          "OwnerBundleName": "info",
          "AssetType": "UnityEngine.Texture2D"
        },
        {
          "Name": "Inventory - Bottom bar",
          "OwnerBundleName": "info",
          "AssetType": "UnityEngine.Texture2D"
        },
        {
          "Name": "Inventory - Bottom bar_1",
          "OwnerBundleName": "info",
          "AssetType": "UnityEngine.Texture2D"
        },
        {
          "Name": "Inventory - Bottom red bar",
          "OwnerBundleName": "info",
          "AssetType": "UnityEngine.Texture2D"
        },
        {
          "Name": "Inventory - Bottom red bar_1",
          "OwnerBundleName": "info",
          "AssetType": "UnityEngine.Texture2D"
        },
        {
          "Name": "Inventory - Bottom right decoration",
          "OwnerBundleName": "info",
          "AssetType": "UnityEngine.Texture2D"
        },
        {
          "Name": "Inventory - Bottom right decoration_1",
          "OwnerBundleName": "info",
          "AssetType": "UnityEngine.Texture2D"
        },
        {
          "Name": "Inventory - Equipped box empty",
          "OwnerBundleName": "info",
          "AssetType": "UnityEngine.Texture2D"
        },
        {
          "Name": "Inventory - Equipped box empty_1",
          "OwnerBundleName": "info",
          "AssetType": "UnityEngine.Texture2D"
        },
        {
          "Name": "Inventory - Equipped box full",
          "OwnerBundleName": "info",
          "AssetType": "UnityEngine.Texture2D"
        },
        {
          "Name": "Inventory - Equipped box full_1",
          "OwnerBundleName": "info",
          "AssetType": "UnityEngine.Texture2D"
        },
        {
          "Name": "Inventory - Equipped box name tag",
          "OwnerBundleName": "info",
          "AssetType": "UnityEngine.Texture2D"
        },
        {
          "Name": "Inventory - Equipped box name tag_1",
          "OwnerBundleName": "info",
          "AssetType": "UnityEngine.Texture2D"
        },
        {
          "Name": "Inventory - Equipped box selected (Blue version)",
          "OwnerBundleName": "info",
          "AssetType": "UnityEngine.Texture2D"
        },
        {
          "Name": "Inventory - Equipped box selected (Blue version)_1",
          "OwnerBundleName": "info",
          "AssetType": "UnityEngine.Texture2D"
        },
        {
          "Name": "Inventory - Equipped box selected (White version)",
          "OwnerBundleName": "info",
          "AssetType": "UnityEngine.Texture2D"
        },
        {
          "Name": "Inventory - Equipped box selected (White version)_1",
          "OwnerBundleName": "info",
          "AssetType": "UnityEngine.Texture2D"
        },
        {
          "Name": "Inventory - Equipped Item",
          "OwnerBundleName": "info",
          "AssetType": "UnityEngine.Texture2D"
        },
        {
          "Name": "Inventory - Equipped Item_1",
          "OwnerBundleName": "info",
          "AssetType": "UnityEngine.Texture2D"
        },
        {
          "Name": "Inventory - Exit button selected",
          "OwnerBundleName": "info",
          "AssetType": "UnityEngine.Texture2D"
        },
        {
          "Name": "Inventory - Exit button selected_1",
          "OwnerBundleName": "info",
          "AssetType": "UnityEngine.Texture2D"
        },
        {
          "Name": "Inventory - Main inventory clicked",
          "OwnerBundleName": "info",
          "AssetType": "UnityEngine.Texture2D"
        },
        {
          "Name": "Inventory - Main inventory clicked_1",
          "OwnerBundleName": "info",
          "AssetType": "UnityEngine.Texture2D"
        },
        {
          "Name": "Inventory - Main inventory empty",
          "OwnerBundleName": "info",
          "AssetType": "UnityEngine.Texture2D"
        },
        {
          "Name": "Inventory - Main inventory empty_1",
          "OwnerBundleName": "info",
          "AssetType": "UnityEngine.Texture2D"
        },
        {
          "Name": "Inventory - Main inventory full",
          "OwnerBundleName": "info",
          "AssetType": "UnityEngine.Texture2D"
        },
        {
          "Name": "Inventory - Main inventory full_1",
          "OwnerBundleName": "info",
          "AssetType": "UnityEngine.Texture2D"
        },
        {
          "Name": "Inventory - Main inventory locked",
          "OwnerBundleName": "info",
          "AssetType": "UnityEngine.Texture2D"
        },
        {
          "Name": "Inventory - Main inventory locked_1",
          "OwnerBundleName": "info",
          "AssetType": "UnityEngine.Texture2D"
        },
        {
          "Name": "Inventory - Main inventory",
          "OwnerBundleName": "info",
          "AssetType": "UnityEngine.Texture2D"
        },
        {
          "Name": "Inventory - Main inventory_1",
          "OwnerBundleName": "info",
          "AssetType": "UnityEngine.Texture2D"
        },
        {
          "Name": "Inventory - Popout attributes box",
          "OwnerBundleName": "info",
          "AssetType": "UnityEngine.Texture2D"
        },
        {
          "Name": "Inventory - Popout attributes box_1",
          "OwnerBundleName": "info",
          "AssetType": "UnityEngine.Texture2D"
        },
        {
          "Name": "Inventory - Popout base",
          "OwnerBundleName": "info",
          "AssetType": "UnityEngine.Texture2D"
        },
        {
          "Name": "Inventory - Popout base_1",
          "OwnerBundleName": "info",
          "AssetType": "UnityEngine.Texture2D"
        },
        {
          "Name": "Inventory - Popout description box empty",
          "OwnerBundleName": "info",
          "AssetType": "UnityEngine.Texture2D"
        },
        {
          "Name": "Inventory - Popout description box empty_1",
          "OwnerBundleName": "info",
          "AssetType": "UnityEngine.Texture2D"
        },
        {
          "Name": "Inventory - Popout description box",
          "OwnerBundleName": "info",
          "AssetType": "UnityEngine.Texture2D"
        },
        {
          "Name": "Inventory - Popout description box_1",
          "OwnerBundleName": "info",
          "AssetType": "UnityEngine.Texture2D"
        },
        {
          "Name": "Inventory - Popout line decoration beneath star",
          "OwnerBundleName": "info",
          "AssetType": "UnityEngine.Texture2D"
        },
        {
          "Name": "Inventory - Popout line decoration beneath star_1",
          "OwnerBundleName": "info",
          "AssetType": "UnityEngine.Texture2D"
        },
        {
          "Name": "Inventory - Popout line top right decoration",
          "OwnerBundleName": "info",
          "AssetType": "UnityEngine.Texture2D"
        },
        {
          "Name": "Inventory - Popout line top right decoration_1",
          "OwnerBundleName": "info",
          "AssetType": "UnityEngine.Texture2D"
        },
        {
          "Name": "Inventory - Rarity Star black",
          "OwnerBundleName": "info",
          "AssetType": "UnityEngine.Texture2D"
        },
        {
          "Name": "Inventory - Rarity Star black_1",
          "OwnerBundleName": "info",
          "AssetType": "UnityEngine.Texture2D"
        },
        {
          "Name": "Inventory - Rarity Star white",
          "OwnerBundleName": "info",
          "AssetType": "UnityEngine.Texture2D"
        },
        {
          "Name": "Inventory - Rarity Star white_1",
          "OwnerBundleName": "info",
          "AssetType": "UnityEngine.Texture2D"
        },
        {
          "Name": "Inventory - title selected bar",
          "OwnerBundleName": "info",
          "AssetType": "UnityEngine.Texture2D"
        },
        {
          "Name": "Inventory - title selected bar_1",
          "OwnerBundleName": "info",
          "AssetType": "UnityEngine.Texture2D"
        },
        {
          "Name": "Inventory - Top bar",
          "OwnerBundleName": "info",
          "AssetType": "UnityEngine.Texture2D"
        },
        {
          "Name": "Inventory - Top bar_1",
          "OwnerBundleName": "info",
          "AssetType": "UnityEngine.Texture2D"
        },
        {
          "Name": "Inventory - Top red bar",
          "OwnerBundleName": "info",
          "AssetType": "UnityEngine.Texture2D"
        },
        {
          "Name": "Inventory - Top red bar_1",
          "OwnerBundleName": "info",
          "AssetType": "UnityEngine.Texture2D"
        },
        {
          "Name": "Inventory - Trash box selected",
          "OwnerBundleName": "info",
          "AssetType": "UnityEngine.Texture2D"
        },
        {
          "Name": "Inventory - Trash box selected_1",
          "OwnerBundleName": "info",
          "AssetType": "UnityEngine.Texture2D"
        },
        {
          "Name": "Inventory - Trash box top",
          "OwnerBundleName": "info",
          "AssetType": "UnityEngine.Texture2D"
        },
        {
          "Name": "Inventory - Trash box top_1",
          "OwnerBundleName": "info",
          "AssetType": "UnityEngine.Texture2D"
        },
        {
          "Name": "Inventory - Trash box",
          "OwnerBundleName": "info",
          "AssetType": "UnityEngine.Texture2D"
        },
        {
          "Name": "Inventory - Trash box_1",
          "OwnerBundleName": "info",
          "AssetType": "UnityEngine.Texture2D"
        },
        {
          "Name": "Inventory - upper left decoration",
          "OwnerBundleName": "info",
          "AssetType": "UnityEngine.Texture2D"
        },
        {
          "Name": "Inventory - upper left decoration_1",
          "OwnerBundleName": "info",
          "AssetType": "UnityEngine.Texture2D"
        },
        {
          "Name": "Main Screen - Inventory Box number",
          "OwnerBundleName": "info",
          "AssetType": "UnityEngine.Texture2D"
        },
        {
          "Name": "Main Screen - Inventory Box selected",
          "OwnerBundleName": "info",
          "AssetType": "UnityEngine.Texture2D"
        },
        {
          "Name": "Main Screen - Inventory Box",
          "OwnerBundleName": "info",
          "AssetType": "UnityEngine.Texture2D"
        },
        {
          "Name": "click1-01",
          "OwnerBundleName": "info",
          "AssetType": "UnityEngine.Texture2D"
        },
        {
          "Name": "click2-01",
          "OwnerBundleName": "info",
          "AssetType": "UnityEngine.Texture2D"
        },
        {
          "Name": "click3-01",
          "OwnerBundleName": "info",
          "AssetType": "UnityEngine.Texture2D"
        },
        {
          "Name": "click4-01",
          "OwnerBundleName": "info",
          "AssetType": "UnityEngine.Texture2D"
        },
        {
          "Name": "click5-01",
          "OwnerBundleName": "info",
          "AssetType": "UnityEngine.Texture2D"
        },
        {
          "Name": "click7-01",
          "OwnerBundleName": "info",
          "AssetType": "UnityEngine.Texture2D"
        },
        {
          "Name": "click8-01",
          "OwnerBundleName": "info",
          "AssetType": "UnityEngine.Texture2D"
        },
        {
          "Name": "UIAtlas",
          "OwnerBundleName": "info",
          "AssetType": "UnityEngine.U2D.SpriteAtlas"
        },
        {
          "Name": "Mouse",
          "OwnerBundleName": "info",
          "AssetType": "UnityEngine.AnimationClip"
        },
        {
          "Name": "Mouse",
          "OwnerBundleName": "info",
          "AssetType": "UnityEditor.Animations.AnimatorController"
        },
        {
          "Name": "DescriptionTag",
          "OwnerBundleName": "info",
          "AssetType": "UnityEngine.GameObject"
        },
        {
          "Name": "EnemyHealthBar",
          "OwnerBundleName": "info",
          "AssetType": "UnityEngine.GameObject"
        },
        {
          "Name": "UIHealthBar",
          "OwnerBundleName": "info",
          "AssetType": "UnityEngine.GameObject"
        },
        {
          "Name": "InteractHint_General",
          "OwnerBundleName": "info",
          "AssetType": "UnityEngine.GameObject"
        },
        {
          "Name": "NameTag_General",
          "OwnerBundleName": "info",
          "AssetType": "UnityEngine.GameObject"
        }
      ]
    },
    {
      "AssetName": "mftest",
      "MD5": "f169907e9c6241973af8777291882468",
      "FileSize": 1032.88281,
      "assetDatas": [
        {
          "Name": "War loop",
          "OwnerBundleName": "mftest",
          "AssetType": "UnityEngine.AudioClip"
        },
        {
          "Name": "Asteroid_1",
          "OwnerBundleName": "mftest",
          "AssetType": "UnityEngine.Texture2D"
        },
        {
          "Name": "Cylinder",
          "OwnerBundleName": "mftest",
          "AssetType": "UnityEngine.GameObject"
        },
        {
          "Name": "TestABObj",
          "OwnerBundleName": "mftest",
          "AssetType": "UnityEngine.GameObject"
        },
        {
          "Name": "AboutPanel",
          "OwnerBundleName": "mftest",
          "AssetType": "UnityEngine.GameObject"
        },
        {
          "Name": "OpenFilesSubPanel",
          "OwnerBundleName": "mftest",
          "AssetType": "UnityEngine.GameObject"
        }
      ]
    },
    {
      "AssetName": "mftest2",
      "MD5": "b8b487548b878b00528244c85ca25fc1",
      "FileSize": 5.11328125,
      "assetDatas": [
        {
          "Name": "War loop",
          "OwnerBundleName": "mftest2",
          "AssetType": "UnityEngine.GameObject"
        },
        {
          "Name": "TestABObj",
          "OwnerBundleName": "mftest2",
          "AssetType": "UnityEngine.GameObject"
        }
      ]
    },
    {
      "AssetName": "OSX",
      "MD5": "e5c6d0177b459b0722ba1fd6d930c031",
      "FileSize": 2.02539063,
      "assetDatas": []
    },
    {
      "AssetName": "others",
      "MD5": "222fa4b0a584aae6b22b0d2cf512e1d0",
      "FileSize": 85.57715,
      "assetDatas": [
        {
          "Name": "PooledCube",
          "OwnerBundleName": "others",
          "AssetType": "UnityEngine.GameObject"
        },
        {
          "Name": "Lose",
          "OwnerBundleName": "others",
          "AssetType": "UnityEngine.AudioClip"
        },
        {
          "Name": "2DSound",
          "OwnerBundleName": "others",
          "AssetType": "UnityEngine.GameObject"
        },
        {
          "Name": "3DSound",
          "OwnerBundleName": "others",
          "AssetType": "UnityEngine.GameObject"
        }
      ]
    },
    {
      "AssetName": "scene",
      "MD5": "8f285f4715bdf49aa8b7ad7289ac8fca",
      "FileSize": 41.6464844,
      "assetDatas": [
        {
          "Name": "SceneTestES3",
          "OwnerBundleName": "scene",
          "AssetType": "UnityEditor.SceneAsset"
        },
        {
          "Name": "HotUpdateExampleScene",
          "OwnerBundleName": "scene",
          "AssetType": "UnityEditor.SceneAsset"
        }
      ]
    },
    {
      "AssetName": "settings",
      "MD5": "87fea8470cf560ab28c1e97d47b5b893",
      "FileSize": 16.4824219,
      "assetDatas": [
        {
          "Name": "PS4_Circle",
          "OwnerBundleName": "settings",
          "AssetType": "UnityEngine.Texture2D"
        },
        {
          "Name": "PS4_Cross",
          "OwnerBundleName": "settings",
          "AssetType": "UnityEngine.Texture2D"
        },
        {
          "Name": "PS4_Dpad",
          "OwnerBundleName": "settings",
          "AssetType": "UnityEngine.Texture2D"
        },
        {
          "Name": "PS4_Dpad_Down",
          "OwnerBundleName": "settings",
          "AssetType": "UnityEngine.Texture2D"
        },
        {
          "Name": "PS4_Dpad_Left",
          "OwnerBundleName": "settings",
          "AssetType": "UnityEngine.Texture2D"
        },
        {
          "Name": "PS4_Dpad_Right",
          "OwnerBundleName": "settings",
          "AssetType": "UnityEngine.Texture2D"
        },
        {
          "Name": "PS4_Dpad_Up",
          "OwnerBundleName": "settings",
          "AssetType": "UnityEngine.Texture2D"
        },
        {
          "Name": "PS4_L1",
          "OwnerBundleName": "settings",
          "AssetType": "UnityEngine.Texture2D"
        },
        {
          "Name": "PS4_L2",
          "OwnerBundleName": "settings",
          "AssetType": "UnityEngine.Texture2D"
        },
        {
          "Name": "PS4_Left_Stick",
          "OwnerBundleName": "settings",
          "AssetType": "UnityEngine.Texture2D"
        },
        {
          "Name": "PS4_Options",
          "OwnerBundleName": "settings",
          "AssetType": "UnityEngine.Texture2D"
        },
        {
          "Name": "PS4_R1",
          "OwnerBundleName": "settings",
          "AssetType": "UnityEngine.Texture2D"
        },
        {
          "Name": "PS4_R2",
          "OwnerBundleName": "settings",
          "AssetType": "UnityEngine.Texture2D"
        },
        {
          "Name": "PS4_Right_Stick",
          "OwnerBundleName": "settings",
          "AssetType": "UnityEngine.Texture2D"
        },
        {
          "Name": "PS4_Share",
          "OwnerBundleName": "settings",
          "AssetType": "UnityEngine.Texture2D"
        },
        {
          "Name": "PS4_Square",
          "OwnerBundleName": "settings",
          "AssetType": "UnityEngine.Texture2D"
        },
        {
          "Name": "PS4_Triangle",
          "OwnerBundleName": "settings",
          "AssetType": "UnityEngine.Texture2D"
        },
        {
          "Name": "XboxOne_A",
          "OwnerBundleName": "settings",
          "AssetType": "UnityEngine.Texture2D"
        },
        {
          "Name": "XboxOne_B",
          "OwnerBundleName": "settings",
          "AssetType": "UnityEngine.Texture2D"
        },
        {
          "Name": "XboxOne_Dpad",
          "OwnerBundleName": "settings",
          "AssetType": "UnityEngine.Texture2D"
        },
        {
          "Name": "XboxOne_Dpad_Down",
          "OwnerBundleName": "settings",
          "AssetType": "UnityEngine.Texture2D"
        },
        {
          "Name": "XboxOne_Dpad_Left",
          "OwnerBundleName": "settings",
          "AssetType": "UnityEngine.Texture2D"
        },
        {
          "Name": "XboxOne_Dpad_Right",
          "OwnerBundleName": "settings",
          "AssetType": "UnityEngine.Texture2D"
        },
        {
          "Name": "XboxOne_Dpad_Up",
          "OwnerBundleName": "settings",
          "AssetType": "UnityEngine.Texture2D"
        },
        {
          "Name": "XboxOne_LB",
          "OwnerBundleName": "settings",
          "AssetType": "UnityEngine.Texture2D"
        },
        {
          "Name": "XboxOne_Left_Stick",
          "OwnerBundleName": "settings",
          "AssetType": "UnityEngine.Texture2D"
        },
        {
          "Name": "XboxOne_LT",
          "OwnerBundleName": "settings",
          "AssetType": "UnityEngine.Texture2D"
        },
        {
          "Name": "XboxOne_Menu",
          "OwnerBundleName": "settings",
          "AssetType": "UnityEngine.Texture2D"
        },
        {
          "Name": "XboxOne_RB",
          "OwnerBundleName": "settings",
          "AssetType": "UnityEngine.Texture2D"
        },
        {
          "Name": "XboxOne_Right_Stick",
          "OwnerBundleName": "settings",
          "AssetType": "UnityEngine.Texture2D"
        },
        {
          "Name": "XboxOne_RT",
          "OwnerBundleName": "settings",
          "AssetType": "UnityEngine.Texture2D"
        },
        {
          "Name": "XboxOne_Windows",
          "OwnerBundleName": "settings",
          "AssetType": "UnityEngine.Texture2D"
        },
        {
          "Name": "XboxOne_X",
          "OwnerBundleName": "settings",
          "AssetType": "UnityEngine.Texture2D"
        },
        {
          "Name": "XboxOne_Y",
          "OwnerBundleName": "settings",
          "AssetType": "UnityEngine.Texture2D"
        },
        {
          "Name": "Enter Icon",
          "OwnerBundleName": "settings",
          "AssetType": "UnityEngine.Texture2D"
        },
        {
          "Name": "Settings - WASD",
          "OwnerBundleName": "settings",
          "AssetType": "UnityEngine.Texture2D"
        },
        {
          "Name": "Shift Icon",
          "OwnerBundleName": "settings",
          "AssetType": "UnityEngine.Texture2D"
        },
        {
          "Name": "Single Key Icon",
          "OwnerBundleName": "settings",
          "AssetType": "UnityEngine.Texture2D"
        },
        {
          "Name": "tab icon",
          "OwnerBundleName": "settings",
          "AssetType": "UnityEngine.Texture2D"
        }
      ]
    },
    {
      "AssetName": "test_sphere",
      "MD5": "ff8887bdfa3498110f25b0d4c591f69c",
      "FileSize": 48.2705078,
      "assetDatas": [
        {
          "Name": "Sphere",
          "OwnerBundleName": "test_sphere",
          "AssetType": "UnityEngine.GameObject"
        }
      ]
    },
    {
      "AssetName": "assets/fonts",
      "MD5": "5963dac4295a036e7fb075eaad82c690",
      "FileSize": 873.665039,
      "assetDatas": [
        {
          "Name": "Orbitron-Black SDF",
          "OwnerBundleName": "assets/fonts",
          "AssetType": "TMPro.TMP_FontAsset"
        },
        {
          "Name": "Orbitron-Black",
          "OwnerBundleName": "assets/fonts",
          "AssetType": "UnityEngine.Font"
        },
        {
          "Name": "Orbitron-Bold SDF",
          "OwnerBundleName": "assets/fonts",
          "AssetType": "TMPro.TMP_FontAsset"
        },
        {
          "Name": "Orbitron-Bold",
          "OwnerBundleName": "assets/fonts",
          "AssetType": "UnityEngine.Font"
        },
        {
          "Name": "Orbitron-ExtraBold SDF",
          "OwnerBundleName": "assets/fonts",
          "AssetType": "TMPro.TMP_FontAsset"
        },
        {
          "Name": "Orbitron-ExtraBold",
          "OwnerBundleName": "assets/fonts",
          "AssetType": "UnityEngine.Font"
        },
        {
          "Name": "Orbitron-Medium SDF",
          "OwnerBundleName": "assets/fonts",
          "AssetType": "TMPro.TMP_FontAsset"
        },
        {
          "Name": "Orbitron-Medium",
          "OwnerBundleName": "assets/fonts",
          "AssetType": "UnityEngine.Font"
        },
        {
          "Name": "Orbitron-Regular SDF",
          "OwnerBundleName": "assets/fonts",
          "AssetType": "TMPro.TMP_FontAsset"
        },
        {
          "Name": "Orbitron-Regular",
          "OwnerBundleName": "assets/fonts",
          "AssetType": "UnityEngine.Font"
        },
        {
          "Name": "Orbitron-SemiBold SDF",
          "OwnerBundleName": "assets/fonts",
          "AssetType": "TMPro.TMP_FontAsset"
        },
        {
          "Name": "Orbitron-SemiBold",
          "OwnerBundleName": "assets/fonts",
          "AssetType": "UnityEngine.Font"
        }
      ]
    },
    {
      "AssetName": "assets/goods_inventory",
      "MD5": "f3bc711a1367b0dc6d227ef8d69f3f92",
      "FileSize": 3.95703125,
      "assetDatas": [
        {
          "Name": "RustyPistol_Icon",
          "OwnerBundleName": "assets/goods_inventory",
          "AssetType": "UnityEngine.Texture2D"
        }
      ]
    },
    {
      "AssetName": "entities/resources",
      "MD5": "1d672f3d6453c22b781d1244ab3f97e6",
      "FileSize": 1136.30176,
      "assetDatas": [
        {
          "Name": "RawMaterial_OnGround",
          "OwnerBundleName": "entities/resources",
          "AssetType": "UnityEngine.GameObject"
        },
        {
          "Name": "RustyPistol",
          "OwnerBundleName": "entities/resources",
          "AssetType": "UnityEngine.GameObject"
        },
        {
          "Name": "EntityInventoryVC_Common",
          "OwnerBundleName": "entities/resources",
          "AssetType": "UnityEngine.GameObject"
        }
      ]
    },
    {
      "AssetName": "entities/resources_inventory",
      "MD5": "30361e14400abbee8fe151903f28d375",
      "FileSize": 44.7236328,
      "assetDatas": [
        {
          "Name": "ResourceInvAtlas",
          "OwnerBundleName": "entities/resources_inventory",
          "AssetType": "UnityEngine.U2D.SpriteAtlas"
        },
        {
          "Name": "FireOreSprite",
          "OwnerBundleName": "entities/resources_inventory",
          "AssetType": "UnityEngine.Texture2D"
        },
        {
          "Name": "TestRaw2_Icon",
          "OwnerBundleName": "entities/resources_inventory",
          "AssetType": "UnityEngine.Texture2D"
        },
        {
          "Name": "TestRaw_Icon",
          "OwnerBundleName": "entities/resources_inventory",
          "AssetType": "UnityEngine.Texture2D"
        }
      ]
    },
    {
      "AssetName": "test/scene_test.ab",
      "MD5": "1b85ff17dd26f227374f591c1b71b7d3",
      "FileSize": 59.6298828,
      "assetDatas": [
        {
          "Name": "TestABScene",
          "OwnerBundleName": "test/scene_test.ab",
          "AssetType": "UnityEditor.SceneAsset"
        }
      ]
    }
  ]
}