{
  "Version": "0.1.0",
  "ABMD5List": [
    {
      "AssetName": "data",
      "MD5": "236cc476047cf4bac7727a5b25a350ef",
      "FileSize": 15.8134766,
      "assetDatas": [
        {
          "Name": "BindingData",
          "OwnerBundleName": "data",
          "AssetType": "Runtime.Controls.BindingKeyData"
        }
      ]
    },
    {
      "AssetName": "decals",
      "MD5": "8608a8356303252db4839a74ec73e1d4",
      "FileSize": 43.4277344,
      "assetDatas": [
        {
          "Name": "BulletHoleDecal",
          "OwnerBundleName": "decals",
          "AssetType": "UnityEngine.GameObject"
        }
      ]
    },
    {
      "AssetName": "description",
      "MD5": "6503c304ab52ba2f2a66276377bcc292",
      "FileSize": 15.6259766,
      "assetDatas": [
        {
          "Name": "GeneralHintIcon",
          "OwnerBundleName": "description",
          "AssetType": "UnityEngine.GameObject"
        },
        {
          "Name": "GeneralHintIconNoSprite",
          "OwnerBundleName": "description",
          "AssetType": "UnityEngine.GameObject"
        },
        {
          "Name": "LeftClick",
          "OwnerBundleName": "description",
          "AssetType": "UnityEngine.GameObject"
        },
        {
          "Name": "RightClick",
          "OwnerBundleName": "description",
          "AssetType": "UnityEngine.GameObject"
        }
      ]
    },
    {
      "AssetName": "info",
      "MD5": "d10f10240f9151e726be4180b2fb4576",
      "FileSize": 1144.47461,
      "assetDatas": [
        {
          "Name": "Boss Health bar base color",
          "OwnerBundleName": "info",
          "AssetType": "UnityEngine.Texture2D"
        },
        {
          "Name": "Boss Health bar color (slanted sides)",
          "OwnerBundleName": "info",
          "AssetType": "UnityEngine.Texture2D"
        },
        {
          "Name": "Boss Health bar color grayscale (slanted sides)",
          "OwnerBundleName": "info",
          "AssetType": "UnityEngine.Texture2D"
        },
        {
          "Name": "Boss Health bar color grayscale",
          "OwnerBundleName": "info",
          "AssetType": "UnityEngine.Texture2D"
        },
        {
          "Name": "Boss Health bar color",
          "OwnerBundleName": "info",
          "AssetType": "UnityEngine.Texture2D"
        },
        {
          "Name": "Boss Health bar left decoration",
          "OwnerBundleName": "info",
          "AssetType": "UnityEngine.Texture2D"
        },
        {
          "Name": "Boss Health bar middle decoration",
          "OwnerBundleName": "info",
          "AssetType": "UnityEngine.Texture2D"
        },
        {
          "Name": "Boss Health bar right decoration",
          "OwnerBundleName": "info",
          "AssetType": "UnityEngine.Texture2D"
        },
        {
          "Name": "Inventory - Bottom bar",
          "OwnerBundleName": "info",
          "AssetType": "UnityEngine.Texture2D"
        },
        {
          "Name": "Inventory - Bottom bar_1",
          "OwnerBundleName": "info",
          "AssetType": "UnityEngine.Texture2D"
        },
        {
          "Name": "Inventory - Bottom red bar",
          "OwnerBundleName": "info",
          "AssetType": "UnityEngine.Texture2D"
        },
        {
          "Name": "Inventory - Bottom red bar_1",
          "OwnerBundleName": "info",
          "AssetType": "UnityEngine.Texture2D"
        },
        {
          "Name": "Inventory - Bottom right decoration",
          "OwnerBundleName": "info",
          "AssetType": "UnityEngine.Texture2D"
        },
        {
          "Name": "Inventory - Bottom right decoration_1",
          "OwnerBundleName": "info",
          "AssetType": "UnityEngine.Texture2D"
        },
        {
          "Name": "Inventory - Equipped box empty",
          "OwnerBundleName": "info",
          "AssetType": "UnityEngine.Texture2D"
        },
        {
          "Name": "Inventory - Equipped box empty_1",
          "OwnerBundleName": "info",
          "AssetType": "UnityEngine.Texture2D"
        },
        {
          "Name": "Inventory - Equipped box full",
          "OwnerBundleName": "info",
          "AssetType": "UnityEngine.Texture2D"
        },
        {
          "Name": "Inventory - Equipped box full_1",
          "OwnerBundleName": "info",
          "AssetType": "UnityEngine.Texture2D"
        },
        {
          "Name": "Inventory - Equipped box name tag",
          "OwnerBundleName": "info",
          "AssetType": "UnityEngine.Texture2D"
        },
        {
          "Name": "Inventory - Equipped box name tag_1",
          "OwnerBundleName": "info",
          "AssetType": "UnityEngine.Texture2D"
        },
        {
          "Name": "Inventory - Equipped box selected (Blue version)",
          "OwnerBundleName": "info",
          "AssetType": "UnityEngine.Texture2D"
        },
        {
          "Name": "Inventory - Equipped box selected (Blue version)_1",
          "OwnerBundleName": "info",
          "AssetType": "UnityEngine.Texture2D"
        },
        {
          "Name": "Inventory - Equipped box selected (White version)",
          "OwnerBundleName": "info",
          "AssetType": "UnityEngine.Texture2D"
        },
        {
          "Name": "Inventory - Equipped box selected (White version)_1",
          "OwnerBundleName": "info",
          "AssetType": "UnityEngine.Texture2D"
        },
        {
          "Name": "Inventory - Equipped Item",
          "OwnerBundleName": "info",
          "AssetType": "UnityEngine.Texture2D"
        },
        {
          "Name": "Inventory - Equipped Item_1",
          "OwnerBundleName": "info",
          "AssetType": "UnityEngine.Texture2D"
        },
        {
          "Name": "Inventory - Exit button selected",
          "OwnerBundleName": "info",
          "AssetType": "UnityEngine.Texture2D"
        },
        {
          "Name": "Inventory - Exit button selected_1",
          "OwnerBundleName": "info",
          "AssetType": "UnityEngine.Texture2D"
        },
        {
          "Name": "Inventory - Main inventory clicked",
          "OwnerBundleName": "info",
          "AssetType": "UnityEngine.Texture2D"
        },
        {
          "Name": "Inventory - Main inventory clicked_1",
          "OwnerBundleName": "info",
          "AssetType": "UnityEngine.Texture2D"
        },
        {
          "Name": "Inventory - Main inventory empty",
          "OwnerBundleName": "info",
          "AssetType": "UnityEngine.Texture2D"
        },
        {
          "Name": "Inventory - Main inventory empty_1",
          "OwnerBundleName": "info",
          "AssetType": "UnityEngine.Texture2D"
        },
        {
          "Name": "Inventory - Main inventory full",
          "OwnerBundleName": "info",
          "AssetType": "UnityEngine.Texture2D"
        },
        {
          "Name": "Inventory - Main inventory full_1",
          "OwnerBundleName": "info",
          "AssetType": "UnityEngine.Texture2D"
        },
        {
          "Name": "Inventory - Main inventory locked",
          "OwnerBundleName": "info",
          "AssetType": "UnityEngine.Texture2D"
        },
        {
          "Name": "Inventory - Main inventory locked_1",
          "OwnerBundleName": "info",
          "AssetType": "UnityEngine.Texture2D"
        },
        {
          "Name": "Inventory - Main inventory",
          "OwnerBundleName": "info",
          "AssetType": "UnityEngine.Texture2D"
        },
        {
          "Name": "Inventory - Main inventory_1",
          "OwnerBundleName": "info",
          "AssetType": "UnityEngine.Texture2D"
        },
        {
          "Name": "Inventory - Popout attributes box",
          "OwnerBundleName": "info",
          "AssetType": "UnityEngine.Texture2D"
        },
        {
          "Name": "Inventory - Popout attributes box_1",
          "OwnerBundleName": "info",
          "AssetType": "UnityEngine.Texture2D"
        },
        {
          "Name": "Inventory - Popout base",
          "OwnerBundleName": "info",
          "AssetType": "UnityEngine.Texture2D"
        },
        {
          "Name": "Inventory - Popout base_1",
          "OwnerBundleName": "info",
          "AssetType": "UnityEngine.Texture2D"
        },
        {
          "Name": "Inventory - Popout description box empty",
          "OwnerBundleName": "info",
          "AssetType": "UnityEngine.Texture2D"
        },
        {
          "Name": "Inventory - Popout description box empty_1",
          "OwnerBundleName": "info",
          "AssetType": "UnityEngine.Texture2D"
        },
        {
          "Name": "Inventory - Popout description box",
          "OwnerBundleName": "info",
          "AssetType": "UnityEngine.Texture2D"
        },
        {
          "Name": "Inventory - Popout description box_1",
          "OwnerBundleName": "info",
          "AssetType": "UnityEngine.Texture2D"
        },
        {
          "Name": "Inventory - Popout line decoration beneath star",
          "OwnerBundleName": "info",
          "AssetType": "UnityEngine.Texture2D"
        },
        {
          "Name": "Inventory - Popout line decoration beneath star_1",
          "OwnerBundleName": "info",
          "AssetType": "UnityEngine.Texture2D"
        },
        {
          "Name": "Inventory - Popout line top right decoration",
          "OwnerBundleName": "info",
          "AssetType": "UnityEngine.Texture2D"
        },
        {
          "Name": "Inventory - Popout line top right decoration_1",
          "OwnerBundleName": "info",
          "AssetType": "UnityEngine.Texture2D"
        },
        {
          "Name": "Inventory - Rarity Star black",
          "OwnerBundleName": "info",
          "AssetType": "UnityEngine.Texture2D"
        },
        {
          "Name": "Inventory - Rarity Star black_1",
          "OwnerBundleName": "info",
          "AssetType": "UnityEngine.Texture2D"
        },
        {
          "Name": "Inventory - Rarity Star white",
          "OwnerBundleName": "info",
          "AssetType": "UnityEngine.Texture2D"
        },
        {
          "Name": "Inventory - Rarity Star white_1",
          "OwnerBundleName": "info",
          "AssetType": "UnityEngine.Texture2D"
        },
        {
          "Name": "Inventory - title selected bar",
          "OwnerBundleName": "info",
          "AssetType": "UnityEngine.Texture2D"
        },
        {
          "Name": "Inventory - title selected bar_1",
          "OwnerBundleName": "info",
          "AssetType": "UnityEngine.Texture2D"
        },
        {
          "Name": "Inventory - Top bar",
          "OwnerBundleName": "info",
          "AssetType": "UnityEngine.Texture2D"
        },
        {
          "Name": "Inventory - Top bar_1",
          "OwnerBundleName": "info",
          "AssetType": "UnityEngine.Texture2D"
        },
        {
          "Name": "Inventory - Top red bar",
          "OwnerBundleName": "info",
          "AssetType": "UnityEngine.Texture2D"
        },
        {
          "Name": "Inventory - Top red bar_1",
          "OwnerBundleName": "info",
          "AssetType": "UnityEngine.Texture2D"
        },
        {
          "Name": "Inventory - Trash box selected",
          "OwnerBundleName": "info",
          "AssetType": "UnityEngine.Texture2D"
        },
        {
          "Name": "Inventory - Trash box selected_1",
          "OwnerBundleName": "info",
          "AssetType": "UnityEngine.Texture2D"
        },
        {
          "Name": "Inventory - Trash box top",
          "OwnerBundleName": "info",
          "AssetType": "UnityEngine.Texture2D"
        },
        {
          "Name": "Inventory - Trash box top_1",
          "OwnerBundleName": "info",
          "AssetType": "UnityEngine.Texture2D"
        },
        {
          "Name": "Inventory - Trash box",
          "OwnerBundleName": "info",
          "AssetType": "UnityEngine.Texture2D"
        },
        {
          "Name": "Inventory - Trash box_1",
          "OwnerBundleName": "info",
          "AssetType": "UnityEngine.Texture2D"
        },
        {
          "Name": "Inventory - upper left decoration",
          "OwnerBundleName": "info",
          "AssetType": "UnityEngine.Texture2D"
        },
        {
          "Name": "Inventory - upper left decoration_1",
          "OwnerBundleName": "info",
          "AssetType": "UnityEngine.Texture2D"
        },
        {
          "Name": "Main Screen - Inventory Box number",
          "OwnerBundleName": "info",
          "AssetType": "UnityEngine.Texture2D"
        },
        {
          "Name": "Main Screen - Inventory Box selected",
          "OwnerBundleName": "info",
          "AssetType": "UnityEngine.Texture2D"
        },
        {
          "Name": "Main Screen - Inventory Box",
          "OwnerBundleName": "info",
          "AssetType": "UnityEngine.Texture2D"
        },
        {
          "Name": "click1-01",
          "OwnerBundleName": "info",
          "AssetType": "UnityEngine.Texture2D"
        },
        {
          "Name": "click2-01",
          "OwnerBundleName": "info",
          "AssetType": "UnityEngine.Texture2D"
        },
        {
          "Name": "click3-01",
          "OwnerBundleName": "info",
          "AssetType": "UnityEngine.Texture2D"
        },
        {
          "Name": "click4-01",
          "OwnerBundleName": "info",
          "AssetType": "UnityEngine.Texture2D"
        },
        {
          "Name": "click5-01",
          "OwnerBundleName": "info",
          "AssetType": "UnityEngine.Texture2D"
        },
        {
          "Name": "click7-01",
          "OwnerBundleName": "info",
          "AssetType": "UnityEngine.Texture2D"
        },
        {
          "Name": "click8-01",
          "OwnerBundleName": "info",
          "AssetType": "UnityEngine.Texture2D"
        },
        {
          "Name": "UIAtlas",
          "OwnerBundleName": "info",
          "AssetType": "UnityEngine.U2D.SpriteAtlas"
        },
        {
          "Name": "Mouse",
          "OwnerBundleName": "info",
          "AssetType": "UnityEngine.AnimationClip"
        },
        {
          "Name": "Mouse",
          "OwnerBundleName": "info",
          "AssetType": "UnityEditor.Animations.AnimatorController"
        },
        {
          "Name": "DescriptionTag",
          "OwnerBundleName": "info",
          "AssetType": "UnityEngine.GameObject"
        },
        {
          "Name": "EnemyHealthBar",
          "OwnerBundleName": "info",
          "AssetType": "UnityEngine.GameObject"
        },
        {
          "Name": "UIHealthBar",
          "OwnerBundleName": "info",
          "AssetType": "UnityEngine.GameObject"
        },
        {
          "Name": "InteractHint_General",
          "OwnerBundleName": "info",
          "AssetType": "UnityEngine.GameObject"
        },
        {
          "Name": "NameTag_General",
          "OwnerBundleName": "info",
          "AssetType": "UnityEngine.GameObject"
        }
      ]
    },
    {
      "AssetName": "mftest",
      "MD5": "ee4b912f974e596a0c17c4436b5b47b1",
      "FileSize": 1026.835,
      "assetDatas": [
        {
          "Name": "War loop",
          "OwnerBundleName": "mftest",
          "AssetType": "UnityEngine.AudioClip"
        },
        {
          "Name": "Asteroid_1",
          "OwnerBundleName": "mftest",
          "AssetType": "UnityEngine.Texture2D"
        },
        {
          "Name": "Cylinder",
          "OwnerBundleName": "mftest",
          "AssetType": "UnityEngine.GameObject"
        },
        {
          "Name": "TestABObj",
          "OwnerBundleName": "mftest",
          "AssetType": "UnityEngine.GameObject"
        },
        {
          "Name": "AboutPanel",
          "OwnerBundleName": "mftest",
          "AssetType": "UnityEngine.GameObject"
        },
        {
          "Name": "OpenFilesSubPanel",
          "OwnerBundleName": "mftest",
          "AssetType": "UnityEngine.GameObject"
        }
      ]
    },
    {
      "AssetName": "mftest2",
      "MD5": "59ab48b4323708a339e64101f3322a02",
      "FileSize": 5.114258,
      "assetDatas": [
        {
          "Name": "War loop",
          "OwnerBundleName": "mftest2",
          "AssetType": "UnityEngine.GameObject"
        },
        {
          "Name": "TestABObj",
          "OwnerBundleName": "mftest2",
          "AssetType": "UnityEngine.GameObject"
        }
      ]
    },
    {
      "AssetName": "others",
      "MD5": "3d112a3ac31087b9753fbee3513f74e8",
      "FileSize": 77.96973,
      "assetDatas": [
        {
          "Name": "PooledCube",
          "OwnerBundleName": "others",
          "AssetType": "UnityEngine.GameObject"
        },
        {
          "Name": "Lose",
          "OwnerBundleName": "others",
          "AssetType": "UnityEngine.AudioClip"
        },
        {
          "Name": "2DSound",
          "OwnerBundleName": "others",
          "AssetType": "UnityEngine.GameObject"
        },
        {
          "Name": "3DSound",
          "OwnerBundleName": "others",
          "AssetType": "UnityEngine.GameObject"
        }
      ]
    },
    {
      "AssetName": "scene",
      "MD5": "6f3aca56fa34e32711af1906905d751b",
      "FileSize": 35.7001953,
      "assetDatas": [
        {
          "Name": "SceneTestES3",
          "OwnerBundleName": "scene",
          "AssetType": "UnityEditor.SceneAsset"
        },
        {
          "Name": "HotUpdateExampleScene",
          "OwnerBundleName": "scene",
          "AssetType": "UnityEditor.SceneAsset"
        }
      ]
    },
    {
      "AssetName": "settings",
      "MD5": "7f10c74ac5b9319f8a1d008e4abc776d",
      "FileSize": 145.469727,
      "assetDatas": [
        {
          "Name": "PS4_Circle",
          "OwnerBundleName": "settings",
          "AssetType": "UnityEngine.Texture2D"
        },
        {
          "Name": "PS4_Cross",
          "OwnerBundleName": "settings",
          "AssetType": "UnityEngine.Texture2D"
        },
        {
          "Name": "PS4_Dpad",
          "OwnerBundleName": "settings",
          "AssetType": "UnityEngine.Texture2D"
        },
        {
          "Name": "PS4_Dpad_Down",
          "OwnerBundleName": "settings",
          "AssetType": "UnityEngine.Texture2D"
        },
        {
          "Name": "PS4_Dpad_Left",
          "OwnerBundleName": "settings",
          "AssetType": "UnityEngine.Texture2D"
        },
        {
          "Name": "PS4_Dpad_Right",
          "OwnerBundleName": "settings",
          "AssetType": "UnityEngine.Texture2D"
        },
        {
          "Name": "PS4_Dpad_Up",
          "OwnerBundleName": "settings",
          "AssetType": "UnityEngine.Texture2D"
        },
        {
          "Name": "PS4_L1",
          "OwnerBundleName": "settings",
          "AssetType": "UnityEngine.Texture2D"
        },
        {
          "Name": "PS4_L2",
          "OwnerBundleName": "settings",
          "AssetType": "UnityEngine.Texture2D"
        },
        {
          "Name": "PS4_Left_Stick",
          "OwnerBundleName": "settings",
          "AssetType": "UnityEngine.Texture2D"
        },
        {
          "Name": "PS4_Options",
          "OwnerBundleName": "settings",
          "AssetType": "UnityEngine.Texture2D"
        },
        {
          "Name": "PS4_R1",
          "OwnerBundleName": "settings",
          "AssetType": "UnityEngine.Texture2D"
        },
        {
          "Name": "PS4_R2",
          "OwnerBundleName": "settings",
          "AssetType": "UnityEngine.Texture2D"
        },
        {
          "Name": "PS4_Right_Stick",
          "OwnerBundleName": "settings",
          "AssetType": "UnityEngine.Texture2D"
        },
        {
          "Name": "PS4_Share",
          "OwnerBundleName": "settings",
          "AssetType": "UnityEngine.Texture2D"
        },
        {
          "Name": "PS4_Square",
          "OwnerBundleName": "settings",
          "AssetType": "UnityEngine.Texture2D"
        },
        {
          "Name": "PS4_Triangle",
          "OwnerBundleName": "settings",
          "AssetType": "UnityEngine.Texture2D"
        },
        {
          "Name": "XboxOne_A",
          "OwnerBundleName": "settings",
          "AssetType": "UnityEngine.Texture2D"
        },
        {
          "Name": "XboxOne_B",
          "OwnerBundleName": "settings",
          "AssetType": "UnityEngine.Texture2D"
        },
        {
          "Name": "XboxOne_Dpad",
          "OwnerBundleName": "settings",
          "AssetType": "UnityEngine.Texture2D"
        },
        {
          "Name": "XboxOne_Dpad_Down",
          "OwnerBundleName": "settings",
          "AssetType": "UnityEngine.Texture2D"
        },
        {
          "Name": "XboxOne_Dpad_Left",
          "OwnerBundleName": "settings",
          "AssetType": "UnityEngine.Texture2D"
        },
        {
          "Name": "XboxOne_Dpad_Right",
          "OwnerBundleName": "settings",
          "AssetType": "UnityEngine.Texture2D"
        },
        {
          "Name": "XboxOne_Dpad_Up",
          "OwnerBundleName": "settings",
          "AssetType": "UnityEngine.Texture2D"
        },
        {
          "Name": "XboxOne_LB",
          "OwnerBundleName": "settings",
          "AssetType": "UnityEngine.Texture2D"
        },
        {
          "Name": "XboxOne_Left_Stick",
          "OwnerBundleName": "settings",
          "AssetType": "UnityEngine.Texture2D"
        },
        {
          "Name": "XboxOne_LT",
          "OwnerBundleName": "settings",
          "AssetType": "UnityEngine.Texture2D"
        },
        {
          "Name": "XboxOne_Menu",
          "OwnerBundleName": "settings",
          "AssetType": "UnityEngine.Texture2D"
        },
        {
          "Name": "XboxOne_RB",
          "OwnerBundleName": "settings",
          "AssetType": "UnityEngine.Texture2D"
        },
        {
          "Name": "XboxOne_Right_Stick",
          "OwnerBundleName": "settings",
          "AssetType": "UnityEngine.Texture2D"
        },
        {
          "Name": "XboxOne_RT",
          "OwnerBundleName": "settings",
          "AssetType": "UnityEngine.Texture2D"
        },
        {
          "Name": "XboxOne_Windows",
          "OwnerBundleName": "settings",
          "AssetType": "UnityEngine.Texture2D"
        },
        {
          "Name": "XboxOne_X",
          "OwnerBundleName": "settings",
          "AssetType": "UnityEngine.Texture2D"
        },
        {
          "Name": "XboxOne_Y",
          "OwnerBundleName": "settings",
          "AssetType": "UnityEngine.Texture2D"
        },
        {
          "Name": "Enter Icon",
          "OwnerBundleName": "settings",
          "AssetType": "UnityEngine.Texture2D"
        },
        {
          "Name": "Settings - WASD",
          "OwnerBundleName": "settings",
          "AssetType": "UnityEngine.Texture2D"
        },
        {
          "Name": "Shift Icon",
          "OwnerBundleName": "settings",
          "AssetType": "UnityEngine.Texture2D"
        },
        {
          "Name": "Single Key Icon",
          "OwnerBundleName": "settings",
          "AssetType": "UnityEngine.Texture2D"
        },
        {
          "Name": "tab icon",
          "OwnerBundleName": "settings",
          "AssetType": "UnityEngine.Texture2D"
        }
      ]
    },
    {
      "AssetName": "test_sphere",
      "MD5": "f2405f44fbbf88b94bc3b94d2f738c04",
      "FileSize": 42.55664,
      "assetDatas": [
        {
          "Name": "Sphere",
          "OwnerBundleName": "test_sphere",
          "AssetType": "UnityEngine.GameObject"
        }
      ]
    },
    {
      "AssetName": "Windows",
      "MD5": "1d528472c2cf032ecb34b61d93883405",
      "FileSize": 2.02734375,
      "assetDatas": []
    },
    {
      "AssetName": "assets/fonts",
      "MD5": "cdeeb66852d5dfcefe335aedcb26382f",
      "FileSize": 871.989258,
      "assetDatas": [
        {
          "Name": "Orbitron-Black SDF",
          "OwnerBundleName": "assets/fonts",
          "AssetType": "TMPro.TMP_FontAsset"
        },
        {
          "Name": "Orbitron-Black",
          "OwnerBundleName": "assets/fonts",
          "AssetType": "UnityEngine.Font"
        },
        {
          "Name": "Orbitron-Bold SDF",
          "OwnerBundleName": "assets/fonts",
          "AssetType": "TMPro.TMP_FontAsset"
        },
        {
          "Name": "Orbitron-Bold",
          "OwnerBundleName": "assets/fonts",
          "AssetType": "UnityEngine.Font"
        },
        {
          "Name": "Orbitron-ExtraBold SDF",
          "OwnerBundleName": "assets/fonts",
          "AssetType": "TMPro.TMP_FontAsset"
        },
        {
          "Name": "Orbitron-ExtraBold",
          "OwnerBundleName": "assets/fonts",
          "AssetType": "UnityEngine.Font"
        },
        {
          "Name": "Orbitron-Medium SDF",
          "OwnerBundleName": "assets/fonts",
          "AssetType": "TMPro.TMP_FontAsset"
        },
        {
          "Name": "Orbitron-Medium",
          "OwnerBundleName": "assets/fonts",
          "AssetType": "UnityEngine.Font"
        },
        {
          "Name": "Orbitron-Regular SDF",
          "OwnerBundleName": "assets/fonts",
          "AssetType": "TMPro.TMP_FontAsset"
        },
        {
          "Name": "Orbitron-Regular",
          "OwnerBundleName": "assets/fonts",
          "AssetType": "UnityEngine.Font"
        },
        {
          "Name": "Orbitron-SemiBold SDF",
          "OwnerBundleName": "assets/fonts",
          "AssetType": "TMPro.TMP_FontAsset"
        },
        {
          "Name": "Orbitron-SemiBold",
          "OwnerBundleName": "assets/fonts",
          "AssetType": "UnityEngine.Font"
        }
      ]
    },
    {
      "AssetName": "assets/goods_inventory",
      "MD5": "8075dd89b8e87e01fd2b103aaae2ee04",
      "FileSize": 3.95898438,
      "assetDatas": [
        {
          "Name": "RustyPistol_Icon",
          "OwnerBundleName": "assets/goods_inventory",
          "AssetType": "UnityEngine.Texture2D"
        }
      ]
    },
    {
      "AssetName": "entities/resources",
      "MD5": "2c9532e6d0b9064697b3a0ba14666d0e",
      "FileSize": 1095.292,
      "assetDatas": [
        {
          "Name": "RawMaterial_OnGround",
          "OwnerBundleName": "entities/resources",
          "AssetType": "UnityEngine.GameObject"
        },
        {
          "Name": "RustyPistol",
          "OwnerBundleName": "entities/resources",
          "AssetType": "UnityEngine.GameObject"
        },
        {
          "Name": "EntityInventoryVC_Common",
          "OwnerBundleName": "entities/resources",
          "AssetType": "UnityEngine.GameObject"
        }
      ]
    },
    {
      "AssetName": "entities/resources_inventory",
      "MD5": "e5fdb860b06b29d0c9dedbc92bb09224",
      "FileSize": 44.72168,
      "assetDatas": [
        {
          "Name": "ResourceInvAtlas",
          "OwnerBundleName": "entities/resources_inventory",
          "AssetType": "UnityEngine.U2D.SpriteAtlas"
        },
        {
          "Name": "FireOreSprite",
          "OwnerBundleName": "entities/resources_inventory",
          "AssetType": "UnityEngine.Texture2D"
        },
        {
          "Name": "TestRaw2_Icon",
          "OwnerBundleName": "entities/resources_inventory",
          "AssetType": "UnityEngine.Texture2D"
        },
        {
          "Name": "TestRaw_Icon",
          "OwnerBundleName": "entities/resources_inventory",
          "AssetType": "UnityEngine.Texture2D"
        }
      ]
    },
    {
      "AssetName": "test/scene_test.ab",
      "MD5": "88eaa415533b5d61d612e9ee0237753f",
      "FileSize": 140.796875,
      "assetDatas": [
        {
          "Name": "TestABScene",
          "OwnerBundleName": "test/scene_test.ab",
          "AssetType": "UnityEditor.SceneAsset"
        }
      ]
    }
  ]
}