{"root":[{"assemblyName":"Unity.InputSystem","nameSpace":"UnityEngine.InputSystem","className":"InputSystem","methodName":"RunInitializeInPlayer","loadTypes":4,"isUnityClass":true},{"assemblyName":"Unity.InputSystem","nameSpace":"UnityEngine.InputSystem","className":"InputSystem","methodName":"RunInitialUpdate","loadTypes":1,"isUnityClass":true},{"assemblyName":"Cinemachine","nameSpace":"Cinemachine","className":"CinemachineStoryboard","methodName":"InitializeModule","loadTypes":0,"isUnityClass":false},{"assemblyName":"Cinemachine","nameSpace":"Cinemachine","className":"CinemachineCore","methodName":"InitializeModule","loadTypes":0,"isUnityClass":false},{"assemblyName":"Cinemachine","nameSpace":"Cinemachine","className":"UpdateTracker","methodName":"InitializeModule","loadTypes":0,"isUnityClass":false},{"assemblyName":"Cinemachine","nameSpace":"Cinemachine","className":"CinemachineImpulseManager","methodName":"InitializeModule","loadTypes":0,"isUnityClass":false},{"assemblyName":"Cinemachine","nameSpace":"Cinemachine.PostFX","className":"CinemachineVolumeSettings","methodName":"InitializeModule","loadTypes":0,"isUnityClass":false},{"assemblyName":"MainGame","nameSpace":"Runtime.Utilities.ConfigSheet","className":"ConfigDatas","methodName":"OnDownloadCustomSheet","loadTypes":1,"isUnityClass":false},{"assemblyName":"EasySave3","nameSpace":"ES3Internal","className":"ES3ReferenceMgrBase","methodName":"Init","loadTypes":4,"isUnityClass":false},{"assemblyName":"Unity.RenderPipelines.Universal.Runtime","nameSpace":"UnityEngine.Rendering.Universal","className":"XRSystem","methodName":"XRSystemInit","loadTypes":3,"isUnityClass":true},{"assemblyName":"Unity.RenderPipelines.Core.Runtime","nameSpace":"UnityEngine.Rendering","className":"DebugUpdater","methodName":"RuntimeInit","loadTypes":0,"isUnityClass":true},{"assemblyName":"Unity.VisualScripting.Core","nameSpace":"Unity.VisualScripting","className":"RuntimeVSUsageUtility","methodName":"RuntimeInitializeOnLoadBeforeSceneLoad","loadTypes":1,"isUnityClass":true},{"assemblyName":"MikroFramework","nameSpace":"MikroFramework.Examples.ServiceLocator","className":"ArchitectureConfig","methodName":"Config","loadTypes":0,"isUnityClass":false},{"assemblyName":"BehaviorDesigner.Runtime","nameSpace":"BehaviorDesigner.Runtime","className":"Behavior","methodName":"DomainReset","loadTypes":4,"isUnityClass":false},{"assemblyName":"BehaviorDesigner.Runtime","nameSpace":"BehaviorDesigner.Runtime","className":"BehaviorManager","methodName":"DomainReset","loadTypes":4,"isUnityClass":false},{"assemblyName":"BehaviorDesigner.Runtime","nameSpace":"BehaviorDesigner.Runtime","className":"GlobalVariables","methodName":"DomainReset","loadTypes":4,"isUnityClass":false}]}
